username,password_hash
admin,b6be435c145879f325cfed4e331b093a0e248c76ebfc556d92311d67df306961
analyst,19369cf1c326ee26f4addb24ca5fd611818ac126b4d74f036c38d4dcffd03f5b
user2,0223244a6ff4c3b5b772f364a5e8a84e92f14c64dfac056dcc78dc635914a73c
user3,33acb31a91b0ae6bc30b1e03b89d17dc2bf088cad47db66f45af482136f6471e
user4,96f85d7981873a67d5c52da9c3409b029c505064882b71caaf6ed0add33b3248
user5,8e82bac6c0e0f36c21fb9197e032c66a130a2c409d4f1ae9d8bb18dca47c64e0
user6,64afd374632907869be1384931e4ac02dc15dc9850bed592e3af9b8714a08014
user7,ae869263c0bc21f8db9112ce9f1db3b9ea59a63f9eb4a06a7fb2e0f66c11741c
user8,3f90d6fc4854ca230fff7488c3d3bc23a21ef7910b9b95bed87e3e432f360862
